{
  "project_info": {
    "project_number": "475657067105",
    "firebase_url": "https://green-d50d4-default-rtdb.firebaseio.com",
    "project_id": "green-d50d4",
    "storage_bucket": "green-d50d4.appspot.com"
  },
  "client": [
    {
      "client_info": {
        "mobilesdk_app_id": "1:475657067105:android:34be7f1b74d2a0aaf5a820",
        "android_client_info": {
          "package_name": "com.example.param.green"
        }
      },
      "oauth_client": [
        {
          "client_id": "475657067105-92ui3qlp5oeuii0iqqj6a57kq782novn.apps.googleusercontent.com",
          "client_type": 3
        }
      ],
      "api_key": [
        {
          "current_key": "AIzaSyDh_McSAXgVks5poWyV1ozbp_oGvZEj5-A"
        }
      ],
      "services": {
        "appinvite_service": {
          "other_platform_oauth_client": [
            {
              "client_id": "475657067105-92ui3qlp5oeuii0iqqj6a57kq782novn.apps.googleusercontent.com",
              "client_type": 3
            }
          ]
        }
      }
    }
  ],
  "configuration_version": "1"
}